{"cameraMode":{"drawMode":0,"name":"Shaded","section":"Shading Mode"},"sceneLighting":true,"audioPlay":false,"sceneViewState":{"showFog":true,"showMaterialUpdate":false,"showSkybox":true,"showFlares":true,"showImageEffects":true,"showParticleSystems":true},"in2DMode":false,"pivot":{"x":-0.10012040287256241,"y":-0.3717527985572815,"z":0.29249951243400576},"rotation":{"x":0.5526608824729919,"y":-0.04445329308509827,"z":0.029539112001657487,"w":0.8316954374313355},"size":0.7893389463424683,"orthographic":false}