{"cameraMode":{"drawMode":0,"name":"Shaded","section":"Shading Mode"},"sceneLighting":false,"audioPlay":false,"sceneViewState":{"showFog":true,"showMaterialUpdate":false,"showSkybox":false,"showFlares":true,"showImageEffects":true,"showParticleSystems":true},"in2DMode":false,"pivot":{"x":0.022540271282196046,"y":0.010166600346565247,"z":0.03836347535252571},"rotation":{"x":0.3057231307029724,"y":0.06278028339147568,"z":-0.020208260044455529,"w":0.9498335123062134},"size":0.07000365108251572,"orthographic":true}