{"cameraMode":{"drawMode":0,"name":"Shaded","section":"Shading Mode"},"sceneLighting":false,"audioPlay":false,"sceneViewState":{"showFog":true,"showMaterialUpdate":false,"showSkybox":false,"showFlares":true,"showImageEffects":true,"showParticleSystems":true},"in2DMode":false,"pivot":{"x":0.0,"y":0.1550000160932541,"z":-0.15449997782707215},"rotation":{"x":0.5766274929046631,"y":-0.02768184058368206,"z":0.019554056227207185,"w":0.8163039088249207},"size":4.803054332733154,"orthographic":false}