{"cameraMode":{"drawMode":0,"name":"Shaded","section":"Shading Mode"},"sceneLighting":true,"audioPlay":false,"sceneViewState":{"showFog":true,"showMaterialUpdate":false,"showSkybox":true,"showFlares":true,"showImageEffects":true,"showParticleSystems":true},"in2DMode":false,"pivot":{"x":-0.13157561421394349,"y":-0.07014591991901398,"z":-0.060905516147613528},"rotation":{"x":0.649785578250885,"y":0.01140040997415781,"z":-0.009747521951794625,"w":0.7599695324897766},"size":0.5057586431503296,"orthographic":false}